dish_id,restaurant_id,city_id,year,month,orders_count,revenue_eur,avg_rating,avg_delivery_minutes
1,1,3,2024,1,115,1289.15,4.22,24
1,1,3,2024,2,131,1468.51,4.66,45
1,1,3,2024,3,153,1715.13,4.77,42
1,1,3,2024,4,155,1737.55,4.33,44
1,1,3,2024,5,148,1659.08,4.21,42
1,1,3,2024,6,104,1165.84,4.23,45
1,1,3,2024,7,94,1053.74,4.53,45
1,1,3,2024,8,127,1423.67,4.3,21
1,1,3,2024,9,129,1446.09,4.46,44
1,1,3,2024,10,97,1087.37,4.41,34
1,1,3,2024,11,98,1098.58,4.53,34
1,1,3,2024,12,137,1535.77,4.3,35
1,1,3,2025,1,95,1064.95,4.74,29
1,1,3,2025,2,103,1154.63,4.31,26
1,1,3,2025,3,134,1502.14,4.21,18
1,1,3,2025,4,99,1109.79,4.31,34
1,1,3,2025,5,103,1154.63,4.77,28
1,1,3,2025,6,120,1345.2,4.41,17
2,1,3,2024,1,96,1246.08,4.46,49
2,1,3,2024,2,92,1194.16,4.57,41
2,1,3,2024,3,98,1272.04,4.79,26
2,1,3,2024,4,84,1090.32,4.2,49
2,1,3,2024,5,59,765.82,4.69,42
2,1,3,2024,6,69,895.62,4.76,28
2,1,3,2024,7,74,960.52,4.35,22
2,1,3,2024,8,83,1077.34,4.61,43
2,1,3,2024,9,74,960.52,4.35,49
2,1,3,2024,10,81,1051.38,4.51,45
2,1,3,2024,11,102,1323.96,4.68,22
2,1,3,2024,12,69,895.62,4.43,33
2,1,3,2025,1,64,830.72,4.34,37
2,1,3,2025,2,71,921.58,4.42,41
2,1,3,2025,3,56,726.88,4.54,31
2,1,3,2025,4,69,895.62,4.75,28
2,1,3,2025,5,83,1077.34,4.3,26
2,1,3,2025,6,91,1181.18,4.49,23
3,1,3,2024,1,95,1289.15,4.8,35
3,1,3,2024,2,160,2171.2,4.71,37
3,1,3,2024,3,110,1492.7,4.48,32
3,1,3,2024,4,118,1601.26,4.63,17
3,1,3,2024,5,110,1492.7,4.48,45
3,1,3,2024,6,103,1397.71,4.72,21
3,1,3,2024,7,147,1994.79,4.22,37
3,1,3,2024,8,103,1397.71,4.25,25
3,1,3,2024,9,92,1248.44,4.79,37
3,1,3,2024,10,123,1669.11,4.62,28
3,1,3,2024,11,131,1777.67,4.34,33
3,1,3,2024,12,91,1234.87,4.41,44
3,1,3,2025,1,150,2035.5,4.3,23
3,1,3,2025,2,109,1479.13,4.22,38
3,1,3,2025,3,90,1221.3,4.75,34
3,1,3,2025,4,134,1818.38,4.35,26
3,1,3,2025,5,126,1709.82,4.59,44
3,1,3,2025,6,103,1397.71,4.45,25
4,1,3,2024,1,115,1628.4,4.72,44
4,1,3,2024,2,156,2208.96,4.37,20
4,1,3,2024,3,124,1755.84,4.45,35
4,1,3,2024,4,103,1458.48,4.76,20
4,1,3,2024,5,96,1359.36,4.49,22
4,1,3,2024,6,131,1854.96,4.45,28
4,1,3,2024,7,158,2237.28,4.56,34
4,1,3,2024,8,169,2393.04,4.58,31
4,1,3,2024,9,168,2378.88,4.28,30
4,1,3,2024,10,150,2124.0,4.25,37
4,1,3,2024,11,160,2265.6,4.59,22
4,1,3,2024,12,101,1430.16,4.38,36
4,1,3,2025,1,114,1614.24,4.66,44
4,1,3,2025,2,155,2194.8,4.67,17
4,1,3,2025,3,146,2067.36,4.46,32
4,1,3,2025,4,120,1699.2,4.65,40
4,1,3,2025,5,145,2053.2,4.75,41
4,1,3,2025,6,120,1699.2,4.59,43
5,1,3,2024,1,63,408.87,4.26,50
5,1,3,2024,2,97,629.53,4.72,38
5,1,3,2024,3,77,499.73,4.71,43
5,1,3,2024,4,70,454.3,4.29,23
5,1,3,2024,5,80,519.2,4.33,28
5,1,3,2024,6,91,590.59,4.59,35
5,1,3,2024,7,58,376.42,4.46,28
5,1,3,2024,8,68,441.32,4.56,31
5,1,3,2024,9,69,447.81,4.34,37
5,1,3,2024,10,95,616.55,4.72,31
5,1,3,2024,11,87,564.63,4.29,31
5,1,3,2024,12,79,512.71,4.7,47
5,1,3,2025,1,75,486.75,4.48,26
5,1,3,2025,2,93,603.57,4.3,36
5,1,3,2025,3,76,493.24,4.66,35
5,1,3,2025,4,69,447.81,4.66,40
5,1,3,2025,5,78,506.22,4.34,28
5,1,3,2025,6,65,421.85,4.54,32
30,1,3,2024,1,125,368.75,4.58,28
30,1,3,2024,2,131,386.45,4.21,17
30,1,3,2024,3,137,404.15,4.41,35
30,1,3,2024,4,172,507.4,4.32,22
30,1,3,2024,5,132,389.4,4.49,17
30,1,3,2024,6,207,610.65,4.24,36
30,1,3,2024,7,177,522.15,4.22,42
30,1,3,2024,8,243,716.85,4.72,25
30,1,3,2024,9,114,336.3,4.29,18
30,1,3,2024,10,111,327.45,4.73,41
30,1,3,2024,11,182,536.9,4.37,40
30,1,3,2024,12,156,460.2,4.64,36
30,1,3,2025,1,146,430.7,4.78,34
30,1,3,2025,2,145,427.75,4.57,35
30,1,3,2025,3,119,351.05,4.26,42
30,1,3,2025,4,168,495.6,4.63,37
30,1,3,2025,5,117,345.15,4.4,34
30,1,3,2025,6,171,504.45,4.25,39
1,2,4,2024,1,154,1667.82,4.3,31
1,2,4,2024,2,109,1180.47,4.46,33
1,2,4,2024,3,113,1223.79,4.28,24
1,2,4,2024,4,142,1537.86,4.4,45
1,2,4,2024,5,95,1028.85,4.34,49
1,2,4,2024,6,160,1732.8,4.0,46
1,2,4,2024,7,107,1158.81,4.04,38
1,2,4,2024,8,97,1050.51,4.32,31
1,2,4,2024,9,122,1321.26,4.44,43
1,2,4,2024,10,134,1451.22,4.55,34
1,2,4,2024,11,125,1353.75,4.13,28
1,2,4,2024,12,127,1375.41,4.18,25
1,2,4,2025,1,167,1808.61,4.08,44
1,2,4,2025,2,111,1202.13,4.1,32
1,2,4,2025,3,136,1472.88,4.08,49
1,2,4,2025,4,141,1527.03,4.21,28
1,2,4,2025,5,148,1602.84,4.22,31
1,2,4,2025,6,155,1678.65,4.08,46
2,2,4,2024,1,127,1592.58,4.51,45
2,2,4,2024,2,161,2018.94,4.4,47
2,2,4,2024,3,99,1241.46,4.42,26
2,2,4,2024,4,119,1492.26,4.4,22
2,2,4,2024,5,110,1379.4,4.16,47
2,2,4,2024,6,133,1667.82,4.26,28
2,2,4,2024,7,162,2031.48,4.17,38
2,2,4,2024,8,139,1743.06,4.03,39
2,2,4,2024,9,155,1943.7,4.37,31
2,2,4,2024,10,167,2094.18,4.48,45
2,2,4,2024,11,165,2069.1,4.19,38
2,2,4,2024,12,166,2081.64,4.32,41
2,2,4,2025,1,125,1567.5,4.15,41
2,2,4,2025,2,138,1730.52,4.27,48
2,2,4,2025,3,164,2056.56,4.15,23
2,2,4,2025,4,100,1254.0,4.59,39
2,2,4,2025,5,112,1404.48,4.24,46
2,2,4,2025,6,95,1191.3,4.25,41
3,2,4,2024,1,229,3002.19,4.47,22
3,2,4,2024,2,215,2818.65,4.47,36
3,2,4,2024,3,196,2569.56,4.54,17
3,2,4,2024,4,229,3002.19,4.06,31
3,2,4,2024,5,200,2622.0,4.05,21
3,2,4,2024,6,270,3539.7,4.56,37
3,2,4,2024,7,172,2254.92,4.0,43
3,2,4,2024,8,157,2058.27,4.57,21
3,2,4,2024,9,232,3041.52,4.22,31
3,2,4,2024,10,180,2359.8,4.31,36
3,2,4,2024,11,234,3067.74,4.39,32
3,2,4,2024,12,229,3002.19,4.06,26
3,2,4,2025,1,274,3592.14,4.21,42
3,2,4,2025,2,167,2189.37,4.32,33
3,2,4,2025,3,196,2569.56,4.26,37
3,2,4,2025,4,152,1992.72,4.01,23
3,2,4,2025,5,249,3264.39,4.29,43
3,2,4,2025,6,272,3565.92,4.52,43
4,2,4,2024,1,112,1532.16,4.44,26
4,2,4,2024,2,90,1231.2,4.11,25
4,2,4,2024,3,143,1956.24,4.35,41
4,2,4,2024,4,98,1340.64,4.49,30
4,2,4,2024,5,124,1696.32,4.27,22
4,2,4,2024,6,102,1395.36,4.47,32
4,2,4,2024,7,149,2038.32,4.18,48
4,2,4,2024,8,112,1532.16,4.26,39
4,2,4,2024,9,163,2229.84,4.24,47
4,2,4,2024,10,121,1655.28,4.59,49
4,2,4,2024,11,144,1969.92,4.32,45
4,2,4,2024,12,113,1545.84,4.15,44
4,2,4,2025,1,97,1326.96,4.39,25
4,2,4,2025,2,94,1285.92,4.37,27
4,2,4,2025,3,140,1915.2,4.36,29
4,2,4,2025,4,116,1586.88,4.42,48
4,2,4,2025,5,133,1819.44,4.46,47
4,2,4,2025,6,133,1819.44,4.16,27
5,2,4,2024,1,108,677.16,4.41,40
5,2,4,2024,2,124,777.48,4.56,28
5,2,4,2024,3,110,689.7,4.18,29
5,2,4,2024,4,105,658.35,4.03,49
5,2,4,2024,5,94,589.38,4.39,47
5,2,4,2024,6,138,865.26,4.3,50
5,2,4,2024,7,106,664.62,4.36,24
5,2,4,2024,8,131,821.37,4.22,50
5,2,4,2024,9,130,815.1,4.11,32
5,2,4,2024,10,127,796.29,4.18,34
5,2,4,2024,11,154,965.58,4.18,25
5,2,4,2024,12,90,564.3,4.55,41
5,2,4,2025,1,139,871.53,4.39,41
5,2,4,2025,2,93,583.11,4.38,48
5,2,4,2025,3,90,564.3,4.14,36
5,2,4,2025,4,165,1034.55,4.55,47
5,2,4,2025,5,128,802.56,4.24,30
5,2,4,2025,6,165,1034.55,4.17,36
30,2,4,2024,1,109,310.65,4.01,30
30,2,4,2024,2,148,421.8,4.17,31
30,2,4,2024,3,141,401.85,4.27,29
30,2,4,2024,4,111,316.35,4.28,27
30,2,4,2024,5,154,438.9,4.55,34
30,2,4,2024,6,144,410.4,4.04,39
30,2,4,2024,7,200,570.0,4.16,40
30,2,4,2024,8,209,595.65,4.49,25
30,2,4,2024,9,107,304.95,4.55,40
30,2,4,2024,10,157,447.45,4.14,42
30,2,4,2024,11,154,438.9,4.14,30
30,2,4,2024,12,150,427.5,4.19,48
30,2,4,2025,1,128,364.8,4.42,22
30,2,4,2025,2,93,265.05,4.13,23
30,2,4,2025,3,163,464.55,4.53,48
30,2,4,2025,4,131,373.35,4.29,42
30,2,4,2025,5,122,347.7,4.1,27
30,2,4,2025,6,133,379.05,4.6,37
1,3,1,2024,1,108,994.68,4.22,39
1,3,1,2024,2,111,1022.31,4.67,39
1,3,1,2024,3,116,1068.36,4.42,37
1,3,1,2024,4,88,810.48,4.51,38
1,3,1,2024,5,119,1095.99,4.11,28
1,3,1,2024,6,134,1234.14,4.31,44
1,3,1,2024,7,86,792.06,4.29,42
1,3,1,2024,8,127,1169.67,4.1,23
1,3,1,2024,9,75,690.75,4.64,35
1,3,1,2024,10,115,1059.15,4.13,36
1,3,1,2024,11,97,893.37,4.46,31
1,3,1,2024,12,87,801.27,4.22,40
1,3,1,2025,1,128,1178.88,4.41,48
1,3,1,2025,2,91,838.11,4.7,27
1,3,1,2025,3,93,856.53,4.49,23
1,3,1,2025,4,130,1197.3,4.34,49
1,3,1,2025,5,110,1013.1,4.59,38
1,3,1,2025,6,117,1077.57,4.43,35
2,3,1,2024,1,246,2624.82,4.58,45
2,3,1,2024,2,231,2464.77,4.14,20
2,3,1,2024,3,231,2464.77,4.42,40
2,3,1,2024,4,235,2507.45,4.43,30
2,3,1,2024,5,240,2560.8,4.41,38
2,3,1,2024,6,166,1771.22,4.28,27
2,3,1,2024,7,229,2443.43,4.15,33
2,3,1,2024,8,185,1973.95,4.19,36
2,3,1,2024,9,220,2347.4,4.15,18
2,3,1,2024,10,235,2507.45,4.26,22
2,3,1,2024,11,180,1920.6,4.58,32
2,3,1,2024,12,197,2101.99,4.52,19
2,3,1,2025,1,233,2486.11,4.62,38
2,3,1,2025,2,227,2422.09,4.23,37
2,3,1,2025,3,167,1781.89,4.59,32
2,3,1,2025,4,209,2230.03,4.26,45
2,3,1,2025,5,182,1941.94,4.11,28
2,3,1,2025,6,237,2528.79,4.47,42
3,3,1,2024,1,164,1828.6,4.58,35
3,3,1,2024,2,169,1884.35,4.51,35
3,3,1,2024,3,129,1438.35,4.2,20
3,3,1,2024,4,198,2207.7,4.49,22
3,3,1,2024,5,165,1839.75,4.26,25
3,3,1,2024,6,123,1371.45,4.53,37
3,3,1,2024,7,124,1382.6,4.53,45
3,3,1,2024,8,160,1784.0,4.15,18
3,3,1,2024,9,151,1683.65,4.59,32
3,3,1,2024,10,187,2085.05,4.28,37
3,3,1,2024,11,145,1616.75,4.2,37
3,3,1,2024,12,187,2085.05,4.42,24
3,3,1,2025,1,132,1471.8,4.5,19
3,3,1,2025,2,114,1271.1,4.31,26
3,3,1,2025,3,113,1259.95,4.46,31
3,3,1,2025,4,175,1951.25,4.11,29
3,3,1,2025,5,155,1728.25,4.6,30
3,3,1,2025,6,129,1438.35,4.27,43
4,3,1,2024,1,109,1268.76,4.52,40
4,3,1,2024,2,96,1117.44,4.54,33
4,3,1,2024,3,125,1455.0,4.59,31
4,3,1,2024,4,95,1105.8,4.3,45
4,3,1,2024,5,126,1466.64,4.48,50
4,3,1,2024,6,120,1396.8,4.11,23
4,3,1,2024,7,127,1478.28,4.66,45
4,3,1,2024,8,124,1443.36,4.44,45
4,3,1,2024,9,106,1233.84,4.34,36
4,3,1,2024,10,132,1536.48,4.24,28
4,3,1,2024,11,127,1478.28,4.13,31
4,3,1,2024,12,77,896.28,4.49,27
4,3,1,2025,1,84,977.76,4.52,34
4,3,1,2025,2,85,989.4,4.54,44
4,3,1,2025,3,96,1117.44,4.33,41
4,3,1,2025,4,87,1012.68,4.64,27
4,3,1,2025,5,88,1024.32,4.29,26
4,3,1,2025,6,127,1478.28,4.65,39
5,3,1,2024,1,122,650.26,4.65,27
5,3,1,2024,2,111,591.63,4.46,38
5,3,1,2024,3,77,410.41,4.28,41
5,3,1,2024,4,118,628.94,4.7,41
5,3,1,2024,5,109,580.97,4.29,46
5,3,1,2024,6,131,698.23,4.66,47
5,3,1,2024,7,133,708.89,4.34,48
5,3,1,2024,8,75,399.75,4.46,41
5,3,1,2024,9,129,687.57,4.47,36
5,3,1,2024,10,104,554.32,4.63,28
5,3,1,2024,11,104,554.32,4.34,26
5,3,1,2024,12,105,559.65,4.43,34
5,3,1,2025,1,128,682.24,4.48,35
5,3,1,2025,2,130,692.9,4.51,35
5,3,1,2025,3,75,399.75,4.44,42
5,3,1,2025,4,103,548.99,4.21,40
5,3,1,2025,5,122,650.26,4.67,26
5,3,1,2025,6,96,511.68,4.45,36
30,3,1,2024,1,105,254.1,4.23,36
30,3,1,2024,2,130,314.6,4.31,32
30,3,1,2024,3,86,208.12,4.35,46
30,3,1,2024,4,96,232.32,4.13,48
30,3,1,2024,5,109,263.78,4.25,42
30,3,1,2024,6,146,353.32,4.32,27
30,3,1,2024,7,129,312.18,4.42,32
30,3,1,2024,8,115,278.3,4.57,27
30,3,1,2024,9,77,186.34,4.57,30
30,3,1,2024,10,122,295.24,4.12,48
30,3,1,2024,11,107,258.94,4.44,26
30,3,1,2024,12,77,186.34,4.43,47
30,3,1,2025,1,94,227.48,4.22,46
30,3,1,2025,2,109,263.78,4.12,29
30,3,1,2025,3,82,198.44,4.46,34
30,3,1,2025,4,82,198.44,4.55,43
30,3,1,2025,5,100,242.0,4.42,29
30,3,1,2025,6,98,237.16,4.45,34
6,4,6,2024,1,73,950.46,4.55,22
6,4,6,2024,2,79,1028.58,4.34,31
6,4,6,2024,3,83,1080.66,4.45,42
6,4,6,2024,4,58,755.16,4.43,27
6,4,6,2024,5,57,742.14,4.46,34
6,4,6,2024,6,76,989.52,4.48,46
6,4,6,2024,7,73,950.46,4.88,42
6,4,6,2024,8,53,690.06,4.31,29
6,4,6,2024,9,67,872.34,4.36,22
6,4,6,2024,10,53,690.06,4.55,48
6,4,6,2024,11,93,1210.86,4.47,36
6,4,6,2024,12,60,781.2,4.37,23
6,4,6,2025,1,100,1302.0,4.42,23
6,4,6,2025,2,57,742.14,4.88,48
6,4,6,2025,3,74,963.48,4.87,23
6,4,6,2025,4,47,611.94,4.4,44
6,4,6,2025,5,74,963.48,4.38,31
6,4,6,2025,6,55,716.1,4.58,48
7,4,6,2024,1,95,1458.25,4.37,32
7,4,6,2024,2,127,1949.45,4.48,38
7,4,6,2024,3,105,1611.75,4.48,32
7,4,6,2024,4,108,1657.8,4.68,35
7,4,6,2024,5,79,1212.65,4.59,41
7,4,6,2024,6,105,1611.75,4.38,35
7,4,6,2024,7,99,1519.65,4.42,43
7,4,6,2024,8,131,2010.85,4.66,23
7,4,6,2024,9,85,1304.75,4.82,18
7,4,6,2024,10,82,1258.7,4.85,33
7,4,6,2024,11,125,1918.75,4.49,31
7,4,6,2024,12,104,1596.4,4.33,37
7,4,6,2025,1,133,2041.55,4.88,44
7,4,6,2025,2,104,1596.4,4.35,30
7,4,6,2025,3,133,2041.55,4.56,21
7,4,6,2025,4,117,1795.95,4.63,19
7,4,6,2025,5,73,1120.55,4.38,22
7,4,6,2025,6,85,1304.75,4.54,21
8,4,6,2024,1,66,766.92,4.69,49
8,4,6,2024,2,62,720.44,4.3,22
8,4,6,2024,3,65,755.3,4.84,29
8,4,6,2024,4,68,790.16,4.69,43
8,4,6,2024,5,80,929.6,4.32,34
8,4,6,2024,6,65,755.3,4.5,37
8,4,6,2024,7,83,964.46,4.81,27
8,4,6,2024,8,67,778.54,4.82,28
8,4,6,2024,9,60,697.2,4.63,42
8,4,6,2024,10,73,848.26,4.81,50
8,4,6,2024,11,91,1057.42,4.88,23
8,4,6,2024,12,57,662.34,4.49,48
8,4,6,2025,1,88,1022.56,4.62,25
8,4,6,2025,2,70,813.4,4.8,30
8,4,6,2025,3,54,627.48,4.43,22
8,4,6,2025,4,88,1022.56,4.51,45
8,4,6,2025,5,62,720.44,4.46,48
8,4,6,2025,6,70,813.4,4.32,40
9,4,6,2024,1,60,725.4,4.35,41
9,4,6,2024,2,55,664.95,4.33,32
9,4,6,2024,3,80,967.2,4.55,26
9,4,6,2024,4,67,810.03,4.63,28
9,4,6,2024,5,68,822.12,4.44,23
9,4,6,2024,6,75,906.75,4.75,41
9,4,6,2024,7,54,652.86,4.73,41
9,4,6,2024,8,65,785.85,4.35,40
9,4,6,2024,9,64,773.76,4.68,26
9,4,6,2024,10,77,930.93,4.4,41
9,4,6,2024,11,70,846.3,4.72,45
9,4,6,2024,12,84,1015.56,4.47,45
9,4,6,2025,1,93,1124.37,4.64,35
9,4,6,2025,2,80,967.2,4.59,33
9,4,6,2025,3,59,713.31,4.46,22
9,4,6,2025,4,53,640.77,4.63,26
9,4,6,2025,5,68,822.12,4.66,50
9,4,6,2025,6,81,979.29,4.39,48
10,4,6,2024,1,93,303.18,4.76,22
10,4,6,2024,2,92,299.92,4.52,41
10,4,6,2024,3,48,156.48,4.63,39
10,4,6,2024,4,60,195.6,4.41,26
10,4,6,2024,5,86,280.36,4.68,29
10,4,6,2024,6,63,205.38,4.5,34
10,4,6,2024,7,82,267.32,4.83,29
10,4,6,2024,8,49,159.74,4.64,35
10,4,6,2024,9,88,286.88,4.9,44
10,4,6,2024,10,56,182.56,4.85,37
10,4,6,2024,11,93,303.18,4.57,22
10,4,6,2024,12,96,312.96,4.75,33
10,4,6,2025,1,92,299.92,4.37,43
10,4,6,2025,2,72,234.72,4.37,37
10,4,6,2025,3,65,211.9,4.43,47
10,4,6,2025,4,73,237.98,4.47,38
10,4,6,2025,5,84,273.84,4.61,33
10,4,6,2025,6,53,172.78,4.33,48
30,4,6,2024,1,180,419.4,4.74,22
30,4,6,2024,2,144,335.52,4.89,35
30,4,6,2024,3,170,396.1,4.48,23
30,4,6,2024,4,196,456.68,4.34,36
30,4,6,2024,5,186,433.38,4.46,30
30,4,6,2024,6,246,573.18,4.56,23
30,4,6,2024,7,211,491.63,4.64,33
30,4,6,2024,8,183,426.39,4.86,42
30,4,6,2024,9,145,337.85,4.53,35
30,4,6,2024,10,194,452.02,4.87,27
30,4,6,2024,11,204,475.32,4.76,18
30,4,6,2024,12,149,347.17,4.61,25
30,4,6,2025,1,157,365.81,4.32,19
30,4,6,2025,2,172,400.76,4.3,28
30,4,6,2025,3,159,370.47,4.83,21
30,4,6,2025,4,114,265.62,4.57,26
30,4,6,2025,5,151,351.83,4.87,36
30,4,6,2025,6,176,410.08,4.32,34
6,5,5,2024,1,194,2607.36,3.91,37
6,5,5,2024,2,201,2701.44,4.18,34
6,5,5,2024,3,144,1935.36,4.36,22
6,5,5,2024,4,199,2674.56,4.5,43
6,5,5,2024,5,210,2822.4,4.31,21
6,5,5,2024,6,161,2163.84,4.2,43
6,5,5,2024,7,167,2244.48,3.97,42
6,5,5,2024,8,172,2311.68,4.38,44
6,5,5,2024,9,176,2365.44,4.01,44
6,5,5,2024,10,153,2056.32,4.06,44
6,5,5,2024,11,204,2741.76,4.02,39
6,5,5,2024,12,165,2217.6,4.4,27
6,5,5,2025,1,197,2647.68,4.47,45
6,5,5,2025,2,242,3252.48,4.02,42
6,5,5,2025,3,167,2244.48,4.36,26
6,5,5,2025,4,142,1908.48,4.0,32
6,5,5,2025,5,157,2110.08,4.12,42
6,5,5,2025,6,144,1935.36,4.35,23
7,5,5,2024,1,106,1679.04,4.19,48
7,5,5,2024,2,86,1362.24,4.27,29
7,5,5,2024,3,107,1694.88,4.39,35
7,5,5,2024,4,82,1298.88,4.37,39
7,5,5,2024,5,61,966.24,4.46,32
7,5,5,2024,6,99,1568.16,4.43,45
7,5,5,2024,7,73,1156.32,4.2,38
7,5,5,2024,8,84,1330.56,4.06,39
7,5,5,2024,9,65,1029.6,4.2,30
7,5,5,2024,10,79,1251.36,3.96,47
7,5,5,2024,11,98,1552.32,4.1,45
7,5,5,2024,12,117,1853.28,4.08,37
7,5,5,2025,1,128,2027.52,3.94,45
7,5,5,2025,2,113,1789.92,3.96,46
7,5,5,2025,3,90,1425.6,4.19,23
7,5,5,2025,4,78,1235.52,3.92,24
7,5,5,2025,5,110,1742.4,4.43,43
7,5,5,2025,6,90,1425.6,3.93,23
8,5,5,2024,1,304,3648.0,4.47,31
8,5,5,2024,2,262,3144.0,4.17,19
8,5,5,2024,3,269,3228.0,3.93,44
8,5,5,2024,4,189,2268.0,3.9,18
8,5,5,2024,5,264,3168.0,4.3,23
8,5,5,2024,6,264,3168.0,3.97,37
8,5,5,2024,7,250,3000.0,4.23,32
8,5,5,2024,8,271,3252.0,4.17,26
8,5,5,2024,9,240,2880.0,3.92,43
8,5,5,2024,10,237,2844.0,3.91,40
8,5,5,2024,11,209,2508.0,3.99,34
8,5,5,2024,12,174,2088.0,4.13,33
8,5,5,2025,1,307,3684.0,4.41,36
8,5,5,2025,2,223,2676.0,4.43,32
8,5,5,2025,3,203,2436.0,4.0,17
8,5,5,2025,4,272,3264.0,4.01,41
8,5,5,2025,5,210,2520.0,4.33,22
8,5,5,2025,6,177,2124.0,4.0,17
9,5,5,2024,1,96,1198.08,4.24,32
9,5,5,2024,2,104,1297.92,4.4,29
9,5,5,2024,3,96,1198.08,4.28,34
9,5,5,2024,4,78,973.44,3.97,38
9,5,5,2024,5,67,836.16,3.96,45
9,5,5,2024,6,71,886.08,4.3,44
9,5,5,2024,7,68,848.64,4.23,28
9,5,5,2024,8,112,1397.76,4.42,28
9,5,5,2024,9,91,1135.68,4.03,47
9,5,5,2024,10,72,898.56,4.28,43
9,5,5,2024,11,91,1135.68,4.24,34
9,5,5,2024,12,128,1597.44,4.06,35
9,5,5,2025,1,87,1085.76,4.28,37
9,5,5,2025,2,90,1123.2,4.16,47
9,5,5,2025,3,111,1385.28,4.14,39
9,5,5,2025,4,80,998.4,4.05,33
9,5,5,2025,5,71,886.08,4.2,38
9,5,5,2025,6,111,1385.28,4.32,23
10,5,5,2024,1,77,258.72,4.25,47
10,5,5,2024,2,75,252.0,4.31,46
10,5,5,2024,3,91,305.76,4.3,45
10,5,5,2024,4,87,292.32,4.4,47
10,5,5,2024,5,107,359.52,4.3,35
10,5,5,2024,6,112,376.32,4.14,40
10,5,5,2024,7,108,362.88,4.27,23
10,5,5,2024,8,102,342.72,4.38,33
10,5,5,2024,9,74,248.64,4.05,26
10,5,5,2024,10,110,369.6,3.95,31
10,5,5,2024,11,122,409.92,4.26,38
10,5,5,2024,12,92,309.12,4.06,39
10,5,5,2025,1,106,356.16,4.45,24
10,5,5,2025,2,97,325.92,4.43,30
10,5,5,2025,3,88,295.68,4.39,30
10,5,5,2025,4,87,292.32,4.17,44
10,5,5,2025,5,98,329.28,4.11,45
10,5,5,2025,6,78,262.08,4.21,37
30,5,5,2024,1,93,223.2,4.12,23
30,5,5,2024,2,79,189.6,4.48,46
30,5,5,2024,3,95,228.0,4.19,46
30,5,5,2024,4,92,220.8,4.45,35
30,5,5,2024,5,71,170.4,4.04,49
30,5,5,2024,6,91,218.4,3.91,42
30,5,5,2024,7,105,252.0,4.31,34
30,5,5,2024,8,109,261.6,4.3,29
30,5,5,2024,9,111,266.4,4.4,43
30,5,5,2024,10,64,153.6,3.98,40
30,5,5,2024,11,89,213.6,4.19,39
30,5,5,2024,12,100,240.0,4.29,23
30,5,5,2025,1,90,216.0,4.33,43
30,5,5,2025,2,97,232.8,3.95,24
30,5,5,2025,3,73,175.2,4.44,42
30,5,5,2025,4,78,187.2,4.05,25
30,5,5,2025,5,94,225.6,4.02,38
30,5,5,2025,6,135,324.0,4.23,34
6,6,1,2024,1,63,793.8,4.15,39
6,6,1,2024,2,93,1171.8,4.57,26
6,6,1,2024,3,81,1020.6,4.14,49
6,6,1,2024,4,89,1121.4,4.44,29
6,6,1,2024,5,93,1171.8,4.48,37
6,6,1,2024,6,93,1171.8,4.7,42
6,6,1,2024,7,60,756.0,4.34,27
6,6,1,2024,8,61,768.6,4.1,41
6,6,1,2024,9,85,1071.0,4.61,36
6,6,1,2024,10,69,869.4,4.4,32
6,6,1,2024,11,94,1184.4,4.45,36
6,6,1,2024,12,101,1272.6,4.66,28
6,6,1,2025,1,87,1096.2,4.54,45
6,6,1,2025,2,87,1096.2,4.11,22
6,6,1,2025,3,65,819.0,4.63,42
6,6,1,2025,4,58,730.8,4.49,25
6,6,1,2025,5,92,1159.2,4.47,24
6,6,1,2025,6,68,856.8,4.68,29
7,6,1,2024,1,202,2999.7,4.27,45
7,6,1,2024,2,186,2762.1,4.43,33
7,6,1,2024,3,108,1603.8,4.34,24
7,6,1,2024,4,134,1989.9,4.67,17
7,6,1,2024,5,107,1588.95,4.16,17
7,6,1,2024,6,111,1648.35,4.26,22
7,6,1,2024,7,123,1826.55,4.11,43
7,6,1,2024,8,143,2123.55,4.14,28
7,6,1,2024,9,180,2673.0,4.51,29
7,6,1,2024,10,133,1975.05,4.61,30
7,6,1,2024,11,144,2138.4,4.33,41
7,6,1,2024,12,144,2138.4,4.65,26
7,6,1,2025,1,179,2658.15,4.21,35
7,6,1,2025,2,178,2643.3,4.58,30
7,6,1,2025,3,154,2286.9,4.59,39
7,6,1,2025,4,179,2658.15,4.17,20
7,6,1,2025,5,121,1796.85,4.63,32
7,6,1,2025,6,155,2301.75,4.11,31
8,6,1,2024,1,91,1023.75,4.28,31
8,6,1,2024,2,93,1046.25,4.39,43
8,6,1,2024,3,81,911.25,4.49,26
8,6,1,2024,4,90,1012.5,4.16,40
8,6,1,2024,5,90,1012.5,4.56,28
8,6,1,2024,6,71,798.75,4.59,45
8,6,1,2024,7,78,877.5,4.38,31
8,6,1,2024,8,69,776.25,4.43,44
8,6,1,2024,9,84,945.0,4.12,24
8,6,1,2024,10,91,1023.75,4.12,35
8,6,1,2024,11,96,1080.0,4.34,35
8,6,1,2024,12,92,1035.0,4.66,22
8,6,1,2025,1,91,1023.75,4.11,22
8,6,1,2025,2,61,686.25,4.52,49
8,6,1,2025,3,61,686.25,4.21,35
8,6,1,2025,4,76,855.0,4.58,24
8,6,1,2025,5,91,1023.75,4.12,29
8,6,1,2025,6,52,585.0,4.33,26
9,6,1,2024,1,61,713.7,4.13,43
9,6,1,2024,2,63,737.1,4.55,37
9,6,1,2024,3,57,666.9,4.37,41
9,6,1,2024,4,80,936.0,4.6,34
9,6,1,2024,5,82,959.4,4.69,42
9,6,1,2024,6,56,655.2,4.48,28
9,6,1,2024,7,88,1029.6,4.46,47
9,6,1,2024,8,60,702.0,4.33,49
9,6,1,2024,9,92,1076.4,4.14,39
9,6,1,2024,10,92,1076.4,4.44,46
9,6,1,2024,11,64,748.8,4.53,31
9,6,1,2024,12,96,1123.2,4.32,32
9,6,1,2025,1,81,947.7,4.41,22
9,6,1,2025,2,77,900.9,4.61,25
9,6,1,2025,3,52,608.4,4.46,29
9,6,1,2025,4,72,842.4,4.13,46
9,6,1,2025,5,60,702.0,4.31,23
9,6,1,2025,6,91,1064.7,4.21,23
10,6,1,2024,1,85,267.75,4.21,50
10,6,1,2024,2,97,305.55,4.13,45
10,6,1,2024,3,56,176.4,4.31,34
10,6,1,2024,4,67,211.05,4.58,40
10,6,1,2024,5,69,217.35,4.41,39
10,6,1,2024,6,81,255.15,4.32,26
10,6,1,2024,7,58,182.7,4.4,42
10,6,1,2024,8,96,302.4,4.45,25
10,6,1,2024,9,55,173.25,4.13,22
10,6,1,2024,10,75,236.25,4.15,33
10,6,1,2024,11,85,267.75,4.56,48
10,6,1,2024,12,110,346.5,4.67,25
10,6,1,2025,1,97,305.55,4.54,48
10,6,1,2025,2,108,340.2,4.25,38
10,6,1,2025,3,92,289.8,4.25,38
10,6,1,2025,4,88,277.2,4.48,48
10,6,1,2025,5,54,170.1,4.64,31
10,6,1,2025,6,55,173.25,4.69,23
30,6,1,2024,1,64,144.0,4.46,27
30,6,1,2024,2,61,137.25,4.67,32
30,6,1,2024,3,58,130.5,4.51,27
30,6,1,2024,4,72,162.0,4.45,41
30,6,1,2024,5,92,207.0,4.14,44
30,6,1,2024,6,67,150.75,4.56,41
30,6,1,2024,7,118,265.5,4.33,39
30,6,1,2024,8,123,276.75,4.42,42
30,6,1,2024,9,93,209.25,4.61,40
30,6,1,2024,10,74,166.5,4.36,37
30,6,1,2024,11,77,173.25,4.25,49
30,6,1,2024,12,90,202.5,4.28,25
30,6,1,2025,1,55,123.75,4.22,25
30,6,1,2025,2,73,164.25,4.4,27
30,6,1,2025,3,83,186.75,4.22,50
30,6,1,2025,4,64,144.0,4.26,37
30,6,1,2025,5,93,209.25,4.18,49
30,6,1,2025,6,96,216.0,4.38,49
11,7,2,2024,1,128,1904.64,4.32,37
11,7,2,2024,2,154,2291.52,4.24,30
11,7,2,2024,3,172,2559.36,4.39,34
11,7,2,2024,4,105,1562.4,4.32,34
11,7,2,2024,5,102,1517.76,4.38,42
11,7,2,2024,6,132,1964.16,4.34,39
11,7,2,2024,7,127,1889.76,4.16,27
11,7,2,2024,8,110,1636.8,4.05,29
11,7,2,2024,9,164,2440.32,4.25,34
11,7,2,2024,10,99,1473.12,4.07,42
11,7,2,2024,11,201,2990.88,4.35,36
11,7,2,2024,12,150,2232.0,4.55,30
11,7,2,2025,1,150,2232.0,4.05,37
11,7,2,2025,2,130,1934.4,4.39,50
11,7,2,2025,3,117,1740.96,4.14,23
11,7,2,2025,4,97,1443.36,4.55,40
11,7,2,2025,5,167,2484.96,4.4,24
11,7,2,2025,6,163,2425.44,4.34,43
12,7,2,2024,1,152,2167.52,4.14,34
12,7,2,2024,2,206,2937.56,4.32,42
12,7,2,2024,3,159,2267.34,4.05,41
12,7,2,2024,4,130,1853.8,4.25,42
12,7,2,2024,5,103,1468.78,4.47,32
12,7,2,2024,6,171,2438.46,4.13,41
12,7,2,2024,7,167,2381.42,4.2,37
12,7,2,2024,8,172,2452.72,4.31,44
12,7,2,2024,9,159,2267.34,4.44,37
12,7,2,2024,10,148,2110.48,4.55,41
12,7,2,2024,11,206,2937.56,4.27,42
12,7,2,2024,12,161,2295.86,4.19,34
12,7,2,2025,1,120,1711.2,4.47,45
12,7,2,2025,2,126,1796.76,4.33,41
12,7,2,2025,3,174,2481.24,4.55,32
12,7,2,2025,4,105,1497.3,4.11,43
12,7,2,2025,5,166,2367.16,4.2,24
12,7,2,2025,6,100,1426.0,4.4,31
13,7,2,2024,1,190,3180.6,4.42,43
13,7,2,2024,2,131,2192.94,4.03,23
13,7,2,2024,3,167,2795.58,4.06,34
13,7,2,2024,4,133,2226.42,4.33,23
13,7,2,2024,5,132,2209.68,4.24,28
13,7,2,2024,6,107,1791.18,4.26,46
13,7,2,2024,7,111,1858.14,4.47,31
13,7,2,2024,8,98,1640.52,4.46,29
13,7,2,2024,9,178,2979.72,4.04,34
13,7,2,2024,10,173,2896.02,4.34,39
13,7,2,2024,11,183,3063.42,4.19,36
13,7,2,2024,12,172,2879.28,4.45,30
13,7,2,2025,1,121,2025.54,4.07,34
13,7,2,2025,2,148,2477.52,4.23,37
13,7,2,2025,3,110,1841.4,4.37,29
13,7,2,2025,4,167,2795.58,4.01,50
13,7,2,2025,5,116,1941.84,4.21,42
13,7,2,2025,6,156,2611.44,4.25,42
14,7,2,2024,1,201,1246.2,4.12,26
14,7,2,2024,2,158,979.6,4.39,47
14,7,2,2024,3,159,985.8,4.51,23
14,7,2,2024,4,174,1078.8,4.3,26
14,7,2,2024,5,166,1029.2,4.05,41
14,7,2,2024,6,100,620.0,4.1,27
14,7,2,2024,7,115,713.0,4.35,43
14,7,2,2024,8,175,1085.0,4.08,27
14,7,2,2024,9,106,657.2,4.34,36
14,7,2,2024,10,166,1029.2,4.35,46
14,7,2,2024,11,131,812.2,4.45,23
14,7,2,2024,12,123,762.6,4.14,48
14,7,2,2025,1,190,1178.0,4.14,43
14,7,2,2025,2,198,1227.6,4.35,27
14,7,2,2025,3,97,601.4,4.48,25
14,7,2,2025,4,105,651.0,4.59,28
14,7,2,2025,5,103,638.6,4.35,33
14,7,2,2025,6,164,1016.8,4.18,29
15,7,2,2024,1,117,580.32,4.13,30
15,7,2,2024,2,115,570.4,4.32,45
15,7,2,2024,3,98,486.08,4.5,25
15,7,2,2024,4,141,699.36,4.39,34
15,7,2,2024,5,153,758.88,4.34,27
15,7,2,2024,6,150,744.0,4.07,41
15,7,2,2024,7,180,892.8,4.29,22
15,7,2,2024,8,223,1106.08,4.52,31
15,7,2,2024,9,98,486.08,4.42,41
15,7,2,2024,10,117,580.32,4.14,45
15,7,2,2024,11,205,1016.8,4.13,42
15,7,2,2024,12,169,838.24,4.46,48
15,7,2,2025,1,140,694.4,4.21,49
15,7,2,2025,2,114,565.44,4.26,48
15,7,2,2025,3,165,818.4,4.21,22
15,7,2,2025,4,155,768.8,4.08,50
15,7,2,2025,5,178,882.88,4.6,34
15,7,2,2025,6,213,1056.48,4.05,27
30,7,2,2024,1,288,892.8,4.52,25
30,7,2,2024,2,230,713.0,4.3,18
30,7,2,2024,3,253,784.3,4.42,22
30,7,2,2024,4,207,641.7,4.21,31
30,7,2,2024,5,339,1050.9,4.25,18
30,7,2,2024,6,408,1264.8,4.36,41
30,7,2,2024,7,323,1001.3,4.51,37
30,7,2,2024,8,434,1345.4,4.52,30
30,7,2,2024,9,301,933.1,4.34,37
30,7,2,2024,10,353,1094.3,4.03,38
30,7,2,2024,11,233,722.3,4.51,25
30,7,2,2024,12,308,954.8,4.53,27
30,7,2,2025,1,304,942.4,4.06,22
30,7,2,2025,2,208,644.8,4.55,31
30,7,2,2025,3,343,1063.3,4.59,27
30,7,2,2025,4,230,713.0,4.42,24
30,7,2,2025,5,300,930.0,4.35,42
30,7,2,2025,6,440,1364.0,4.13,28
11,8,8,2024,1,114,1614.24,4.71,41
11,8,8,2024,2,121,1713.36,4.2,44
11,8,8,2024,3,99,1401.84,4.56,50
11,8,8,2024,4,136,1925.76,4.3,35
11,8,8,2024,5,78,1104.48,4.76,32
11,8,8,2024,6,118,1670.88,4.66,37
11,8,8,2024,7,121,1713.36,4.26,37
11,8,8,2024,8,115,1628.4,4.57,39
11,8,8,2024,9,102,1444.32,4.8,43
11,8,8,2024,10,120,1699.2,4.31,41
11,8,8,2024,11,115,1628.4,4.34,36
11,8,8,2024,12,95,1345.2,4.3,44
11,8,8,2025,1,121,1713.36,4.5,40
11,8,8,2025,2,155,2194.8,4.56,22
11,8,8,2025,3,135,1911.6,4.68,40
11,8,8,2025,4,115,1628.4,4.55,24
11,8,8,2025,5,83,1175.28,4.24,31
11,8,8,2025,6,132,1869.12,4.71,27
12,8,8,2024,1,86,1167.02,4.39,48
12,8,8,2024,2,104,1411.28,4.72,29
12,8,8,2024,3,81,1099.17,4.79,36
12,8,8,2024,4,106,1438.42,4.26,33
12,8,8,2024,5,130,1764.1,4.42,45
12,8,8,2024,6,119,1614.83,4.27,46
12,8,8,2024,7,97,1316.29,4.77,44
12,8,8,2024,8,102,1384.14,4.46,27
12,8,8,2024,9,89,1207.73,4.23,24
12,8,8,2024,10,94,1275.58,4.59,30
12,8,8,2024,11,127,1723.39,4.25,49
12,8,8,2024,12,153,2076.21,4.21,43
12,8,8,2025,1,140,1899.8,4.5,47
12,8,8,2025,2,143,1940.51,4.41,45
12,8,8,2025,3,113,1533.41,4.74,30
12,8,8,2025,4,84,1139.88,4.56,46
12,8,8,2025,5,88,1194.16,4.79,37
12,8,8,2025,6,123,1669.11,4.63,29
13,8,8,2024,1,120,1911.6,4.66,27
13,8,8,2024,2,112,1784.16,4.67,44
13,8,8,2024,3,86,1369.98,4.41,32
13,8,8,2024,4,126,2007.18,4.5,26
13,8,8,2024,5,80,1274.4,4.53,22
13,8,8,2024,6,99,1577.07,4.51,32
13,8,8,2024,7,87,1385.91,4.35,47
13,8,8,2024,8,101,1608.93,4.46,25
13,8,8,2024,9,95,1513.35,4.7,46
13,8,8,2024,10,117,1863.81,4.72,24
13,8,8,2024,11,85,1354.05,4.55,30
13,8,8,2024,12,144,2293.92,4.21,25
13,8,8,2025,1,146,2325.78,4.23,33
13,8,8,2025,2,86,1369.98,4.31,24
13,8,8,2025,3,92,1465.56,4.75,47
13,8,8,2025,4,117,1863.81,4.78,33
13,8,8,2025,5,109,1736.37,4.72,46
13,8,8,2025,6,76,1210.68,4.58,26
14,8,8,2024,1,97,572.3,4.35,22
14,8,8,2024,2,87,513.3,4.58,31
14,8,8,2024,3,81,477.9,4.2,37
14,8,8,2024,4,99,584.1,4.74,30
14,8,8,2024,5,98,578.2,4.6,49
14,8,8,2024,6,100,590.0,4.6,33
14,8,8,2024,7,113,666.7,4.24,38
14,8,8,2024,8,90,531.0,4.38,23
14,8,8,2024,9,104,613.6,4.44,28
14,8,8,2024,10,81,477.9,4.43,44
14,8,8,2024,11,91,536.9,4.25,42
14,8,8,2024,12,127,749.3,4.24,48
14,8,8,2025,1,119,702.1,4.21,36
14,8,8,2025,2,145,855.5,4.77,28
14,8,8,2025,3,90,531.0,4.66,31
14,8,8,2025,4,125,737.5,4.29,25
14,8,8,2025,5,111,654.9,4.69,46
14,8,8,2025,6,125,737.5,4.35,43
15,8,8,2024,1,142,670.24,4.63,26
15,8,8,2024,2,152,717.44,4.61,33
15,8,8,2024,3,199,939.28,4.53,32
15,8,8,2024,4,144,679.68,4.65,31
15,8,8,2024,5,161,759.92,4.55,25
15,8,8,2024,6,244,1151.68,4.72,41
15,8,8,2024,7,231,1090.32,4.78,20
15,8,8,2024,8,168,792.96,4.78,36
15,8,8,2024,9,115,542.8,4.44,20
15,8,8,2024,10,114,538.08,4.8,39
15,8,8,2024,11,164,774.08,4.72,37
15,8,8,2024,12,143,674.96,4.48,30
15,8,8,2025,1,213,1005.36,4.65,26
15,8,8,2025,2,204,962.88,4.44,25
15,8,8,2025,3,119,561.68,4.28,17
15,8,8,2025,4,151,712.72,4.22,42
15,8,8,2025,5,143,674.96,4.45,45
15,8,8,2025,6,231,1090.32,4.71,17
30,8,8,2024,1,102,300.9,4.26,31
30,8,8,2024,2,111,327.45,4.29,31
30,8,8,2024,3,109,321.55,4.76,45
30,8,8,2024,4,91,268.45,4.24,32
30,8,8,2024,5,136,401.2,4.58,50
30,8,8,2024,6,96,283.2,4.39,27
30,8,8,2024,7,155,457.25,4.32,41
30,8,8,2024,8,101,297.95,4.77,40
30,8,8,2024,9,132,389.4,4.27,47
30,8,8,2024,10,94,277.3,4.22,29
30,8,8,2024,11,111,327.45,4.75,35
30,8,8,2024,12,107,315.65,4.3,38
30,8,8,2025,1,74,218.3,4.38,31
30,8,8,2025,2,124,365.8,4.52,37
30,8,8,2025,3,133,392.35,4.45,33
30,8,8,2025,4,83,244.85,4.27,38
30,8,8,2025,5,83,244.85,4.23,27
30,8,8,2025,6,112,330.4,4.54,24
11,9,6,2024,1,118,1458.48,3.81,37
11,9,6,2024,2,154,1903.44,4.26,47
11,9,6,2024,3,104,1285.44,4.14,48
11,9,6,2024,4,101,1248.36,3.93,36
11,9,6,2024,5,117,1446.12,4.23,30
11,9,6,2024,6,73,902.28,4.26,29
11,9,6,2024,7,108,1334.88,3.82,25
11,9,6,2024,8,95,1174.2,4.2,37
11,9,6,2024,9,80,988.8,4.37,36
11,9,6,2024,10,75,927.0,4.08,43
11,9,6,2024,11,87,1075.32,4.19,35
11,9,6,2024,12,100,1236.0,4.14,28
11,9,6,2025,1,118,1458.48,3.87,37
11,9,6,2025,2,131,1619.16,3.83,42
11,9,6,2025,3,89,1100.04,3.88,31
11,9,6,2025,4,116,1433.76,4.23,33
11,9,6,2025,5,110,1359.6,4.31,25
11,9,6,2025,6,109,1347.24,4.08,23
12,9,6,2024,1,103,1220.55,4.2,46
12,9,6,2024,2,90,1066.5,4.32,26
12,9,6,2024,3,127,1504.95,4.1,50
12,9,6,2024,4,118,1398.3,3.82,47
12,9,6,2024,5,108,1279.8,3.94,47
12,9,6,2024,6,95,1125.75,3.87,46
12,9,6,2024,7,80,948.0,3.95,31
12,9,6,2024,8,96,1137.6,3.97,37
12,9,6,2024,9,90,1066.5,4.13,26
12,9,6,2024,10,84,995.4,4.33,28
12,9,6,2024,11,126,1493.1,4.27,42
12,9,6,2024,12,108,1279.8,3.85,46
12,9,6,2025,1,105,1244.25,4.29,40
12,9,6,2025,2,145,1718.25,3.93,49
12,9,6,2025,3,105,1244.25,4.24,31
12,9,6,2025,4,121,1433.85,3.95,23
12,9,6,2025,5,128,1516.8,4.01,29
12,9,6,2025,6,102,1208.7,4.3,34
13,9,6,2024,1,121,1683.11,4.15,38
13,9,6,2024,2,117,1627.47,4.29,50
13,9,6,2024,3,81,1126.71,4.03,36
13,9,6,2024,4,134,1863.94,3.87,50
13,9,6,2024,5,120,1669.2,4.13,50
13,9,6,2024,6,76,1057.16,4.15,29
13,9,6,2024,7,118,1641.38,3.9,25
13,9,6,2024,8,93,1293.63,4.32,28
13,9,6,2024,9,129,1794.39,4.23,29
13,9,6,2024,10,84,1168.44,4.17,24
13,9,6,2024,11,132,1836.12,3.85,35
13,9,6,2024,12,88,1224.08,4.31,41
13,9,6,2025,1,89,1237.99,4.3,41
13,9,6,2025,2,83,1154.53,4.39,35
13,9,6,2025,3,85,1182.35,3.84,42
13,9,6,2025,4,111,1544.01,3.94,45
13,9,6,2025,5,106,1474.46,4.16,44
13,9,6,2025,6,111,1544.01,4.01,43
14,9,6,2024,1,243,1251.45,3.92,37
14,9,6,2024,2,222,1143.3,4.3,17
14,9,6,2024,3,241,1241.15,3.88,37
14,9,6,2024,4,271,1395.65,4.18,19
14,9,6,2024,5,168,865.2,3.83,45
14,9,6,2024,6,274,1411.1,4.0,42
14,9,6,2024,7,281,1447.15,3.87,33
14,9,6,2024,8,203,1045.45,4.15,45
14,9,6,2024,9,245,1261.75,4.37,42
14,9,6,2024,10,184,947.6,4.38,39
14,9,6,2024,11,250,1287.5,4.28,40
14,9,6,2024,12,208,1071.2,3.9,26
14,9,6,2025,1,192,988.8,3.92,44
14,9,6,2025,2,306,1575.9,4.38,39
14,9,6,2025,3,173,890.95,4.21,36
14,9,6,2025,4,215,1107.25,4.2,43
14,9,6,2025,5,207,1066.05,4.3,22
14,9,6,2025,6,179,921.85,4.08,23
15,9,6,2024,1,123,506.76,4.32,43
15,9,6,2024,2,130,535.6,3.99,42
15,9,6,2024,3,89,366.68,3.9,25
15,9,6,2024,4,120,494.4,4.36,40
15,9,6,2024,5,76,313.12,4.3,22
15,9,6,2024,6,113,465.56,4.31,39
15,9,6,2024,7,108,444.96,4.39,26
15,9,6,2024,8,146,601.52,3.9,36
15,9,6,2024,9,84,346.08,4.15,37
15,9,6,2024,10,134,552.08,4.39,25
15,9,6,2024,11,110,453.2,3.85,39
15,9,6,2024,12,110,453.2,3.94,28
15,9,6,2025,1,83,341.96,4.23,45
15,9,6,2025,2,94,387.28,3.85,45
15,9,6,2025,3,128,527.36,4.27,35
15,9,6,2025,4,113,465.56,3.98,29
15,9,6,2025,5,83,341.96,4.28,45
15,9,6,2025,6,130,535.6,4.28,44
30,9,6,2024,1,88,227.04,4.14,26
30,9,6,2024,2,93,239.94,4.25,32
30,9,6,2024,3,118,304.44,4.31,39
30,9,6,2024,4,93,239.94,4.16,32
30,9,6,2024,5,119,307.02,4.29,29
30,9,6,2024,6,159,410.22,4.25,50
30,9,6,2024,7,154,397.32,4.26,50
30,9,6,2024,8,132,340.56,4.21,23
30,9,6,2024,9,103,265.74,4.09,30
30,9,6,2024,10,95,245.1,4.28,48
30,9,6,2024,11,104,268.32,3.92,50
30,9,6,2024,12,116,299.28,3.8,29
30,9,6,2025,1,75,193.5,3.81,31
30,9,6,2025,2,121,312.18,4.25,33
30,9,6,2025,3,75,193.5,4.0,28
30,9,6,2025,4,129,332.82,4.32,41
30,9,6,2025,5,112,288.96,3.8,46
30,9,6,2025,6,142,366.36,4.32,50
16,10,5,2024,1,125,1246.25,4.01,29
16,10,5,2024,2,101,1006.97,3.97,50
16,10,5,2024,3,147,1465.59,4.38,45
16,10,5,2024,4,122,1216.34,4.24,49
16,10,5,2024,5,100,997.0,4.45,35
16,10,5,2024,6,141,1405.77,4.26,30
16,10,5,2024,7,98,977.06,4.36,22
16,10,5,2024,8,117,1166.49,4.13,45
16,10,5,2024,9,97,967.09,4.13,22
16,10,5,2024,10,116,1156.52,4.42,28
16,10,5,2024,11,104,1036.88,4.28,31
16,10,5,2024,12,100,997.0,4.32,31
16,10,5,2025,1,157,1565.29,4.27,37
16,10,5,2025,2,148,1475.56,4.43,41
16,10,5,2025,3,159,1585.23,4.41,47
16,10,5,2025,4,143,1425.71,4.35,33
16,10,5,2025,5,133,1326.01,4.39,42
16,10,5,2025,6,154,1535.38,4.37,32
17,10,5,2024,1,210,1896.3,4.23,29
17,10,5,2024,2,264,2383.92,4.14,22
17,10,5,2024,3,201,1815.03,3.94,36
17,10,5,2024,4,254,2293.62,4.21,19
17,10,5,2024,5,222,2004.66,4.02,24
17,10,5,2024,6,170,1535.1,4.38,32
17,10,5,2024,7,222,2004.66,4.19,37
17,10,5,2024,8,230,2076.9,3.92,36
17,10,5,2024,9,202,1824.06,3.91,25
17,10,5,2024,10,248,2239.44,4.33,39
17,10,5,2024,11,215,1941.45,4.0,29
17,10,5,2024,12,191,1724.73,4.47,36
17,10,5,2025,1,185,1670.55,4.2,22
17,10,5,2025,2,203,1833.09,4.17,40
17,10,5,2025,3,189,1706.67,4.09,26
17,10,5,2025,4,205,1851.15,4.15,26
17,10,5,2025,5,200,1806.0,3.92,24
17,10,5,2025,6,178,1607.34,4.07,45
18,10,5,2024,1,357,2034.9,4.24,18
18,10,5,2024,2,298,1698.6,4.3,37
18,10,5,2024,3,255,1453.5,4.29,30
18,10,5,2024,4,230,1311.0,4.4,43
18,10,5,2024,5,233,1328.1,4.41,29
18,10,5,2024,6,226,1288.2,4.12,27
18,10,5,2024,7,339,1932.3,3.95,33
18,10,5,2024,8,308,1755.6,4.07,23
18,10,5,2024,9,246,1402.2,4.31,36
18,10,5,2024,10,380,2166.0,4.42,28
18,10,5,2024,11,319,1818.3,3.96,41
18,10,5,2024,12,213,1214.1,4.29,31
18,10,5,2025,1,251,1430.7,4.18,26
18,10,5,2025,2,241,1373.7,4.29,23
18,10,5,2025,3,237,1350.9,4.44,21
18,10,5,2025,4,267,1521.9,4.2,21
18,10,5,2025,5,329,1875.3,4.01,17
18,10,5,2025,6,272,1550.4,4.49,28
19,10,5,2024,1,117,1000.35,4.14,24
19,10,5,2024,2,125,1068.75,4.07,23
19,10,5,2024,3,104,889.2,4.48,32
19,10,5,2024,4,142,1214.1,4.09,24
19,10,5,2024,5,101,863.55,4.17,23
19,10,5,2024,6,132,1128.6,3.99,42
19,10,5,2024,7,118,1008.9,4.37,33
19,10,5,2024,8,93,795.15,3.98,50
19,10,5,2024,9,141,1205.55,4.42,49
19,10,5,2024,10,136,1162.8,3.95,26
19,10,5,2024,11,93,795.15,4.44,23
19,10,5,2024,12,140,1197.0,4.41,42
19,10,5,2025,1,147,1256.85,3.93,28
19,10,5,2025,2,157,1342.35,4.06,27
19,10,5,2025,3,133,1137.15,3.95,36
19,10,5,2025,4,91,778.05,4.48,28
19,10,5,2025,5,123,1051.65,3.98,25
19,10,5,2025,6,127,1085.85,4.4,33
30,10,5,2024,1,288,685.44,4.41,23
30,10,5,2024,2,351,835.38,4.03,27
30,10,5,2024,3,351,835.38,4.37,34
30,10,5,2024,4,316,752.08,4.39,43
30,10,5,2024,5,299,711.62,4.16,36
30,10,5,2024,6,457,1087.66,4.19,20
30,10,5,2024,7,263,625.94,4.28,37
30,10,5,2024,8,398,947.24,4.45,28
30,10,5,2024,9,220,523.6,4.5,28
30,10,5,2024,10,197,468.86,4.3,33
30,10,5,2024,11,206,490.28,4.47,43
30,10,5,2024,12,314,747.32,3.94,17
30,10,5,2025,1,219,521.22,4.12,21
30,10,5,2025,2,265,630.7,4.1,45
30,10,5,2025,3,322,766.36,4.39,33
30,10,5,2025,4,238,566.44,4.44,23
30,10,5,2025,5,268,637.84,4.25,23
30,10,5,2025,6,317,754.46,4.02,32
16,11,8,2024,1,69,796.95,4.32,37
16,11,8,2024,2,60,693.0,4.43,37
16,11,8,2024,3,81,935.55,4.32,31
16,11,8,2024,4,64,739.2,4.55,38
16,11,8,2024,5,74,854.7,4.6,41
16,11,8,2024,6,79,912.45,4.18,27
16,11,8,2024,7,69,796.95,4.34,50
16,11,8,2024,8,81,935.55,4.48,39
16,11,8,2024,9,55,635.25,4.39,46
16,11,8,2024,10,55,635.25,4.41,48
16,11,8,2024,11,61,704.55,4.67,42
16,11,8,2024,12,46,531.3,4.49,38
16,11,8,2025,1,66,762.3,4.29,42
16,11,8,2025,2,57,658.35,4.31,35
16,11,8,2025,3,82,947.1,4.6,49
16,11,8,2025,4,45,519.75,4.22,23
16,11,8,2025,5,51,589.05,4.57,24
16,11,8,2025,6,59,681.45,4.21,41
17,11,8,2024,1,46,480.7,4.41,23
17,11,8,2024,2,67,700.15,4.59,49
17,11,8,2024,3,46,480.7,4.17,22
17,11,8,2024,4,63,658.35,4.28,40
17,11,8,2024,5,69,721.05,4.21,29
17,11,8,2024,6,77,804.65,4.41,42
17,11,8,2024,7,51,532.95,4.49,29
17,11,8,2024,8,81,846.45,4.29,34
17,11,8,2024,9,54,564.3,4.2,33
17,11,8,2024,10,57,595.65,4.46,36
17,11,8,2024,11,67,700.15,4.34,23
17,11,8,2024,12,58,606.1,4.37,50
17,11,8,2025,1,62,647.9,4.67,25
17,11,8,2025,2,55,574.75,4.32,40
17,11,8,2025,3,63,658.35,4.31,39
17,11,8,2025,4,56,585.2,4.23,24
17,11,8,2025,5,45,470.25,4.19,27
17,11,8,2025,6,76,794.2,4.22,25
18,11,8,2024,1,50,330.0,4.44,39
18,11,8,2024,2,55,363.0,4.62,32
18,11,8,2024,3,57,376.2,4.22,42
18,11,8,2024,4,82,541.2,4.32,43
18,11,8,2024,5,57,376.2,4.17,39
18,11,8,2024,6,65,429.0,4.18,44
18,11,8,2024,7,77,508.2,4.3,43
18,11,8,2024,8,52,343.2,4.21,44
18,11,8,2024,9,64,422.4,4.59,31
18,11,8,2024,10,51,336.6,4.24,41
18,11,8,2024,11,59,389.4,4.4,45
18,11,8,2024,12,81,534.6,4.18,37
18,11,8,2025,1,81,534.6,4.43,42
18,11,8,2025,2,56,369.6,4.32,37
18,11,8,2025,3,46,303.6,4.5,34
18,11,8,2025,4,59,389.4,4.64,41
18,11,8,2025,5,77,508.2,4.18,35
18,11,8,2025,6,73,481.8,4.36,36
19,11,8,2024,1,115,1138.5,4.43,29
19,11,8,2024,2,112,1108.8,4.48,23
19,11,8,2024,3,116,1148.4,4.58,22
19,11,8,2024,4,106,1049.4,4.17,29
19,11,8,2024,5,128,1267.2,4.46,39
19,11,8,2024,6,142,1405.8,4.25,17
19,11,8,2024,7,114,1128.6,4.16,39
19,11,8,2024,8,103,1019.7,4.31,17
19,11,8,2024,9,124,1227.6,4.47,39
19,11,8,2024,10,150,1485.0,4.37,42
19,11,8,2024,11,121,1197.9,4.7,28
19,11,8,2024,12,108,1069.2,4.67,25
19,11,8,2025,1,133,1316.7,4.3,33
19,11,8,2025,2,90,891.0,4.45,30
19,11,8,2025,3,140,1386.0,4.64,25
19,11,8,2025,4,134,1326.6,4.53,44
19,11,8,2025,5,126,1247.4,4.41,20
19,11,8,2025,6,137,1356.3,4.67,40
30,11,8,2024,1,74,203.5,4.66,38
30,11,8,2024,2,69,189.75,4.13,40
30,11,8,2024,3,80,220.0,4.52,42
30,11,8,2024,4,65,178.75,4.59,36
30,11,8,2024,5,55,151.25,4.39,35
30,11,8,2024,6,64,176.0,4.17,35
30,11,8,2024,7,105,288.75,4.48,31
30,11,8,2024,8,68,187.0,4.34,47
30,11,8,2024,9,71,195.25,4.5,25
30,11,8,2024,10,59,162.25,4.55,44
30,11,8,2024,11,81,222.75,4.13,38
30,11,8,2024,12,63,173.25,4.18,34
30,11,8,2025,1,47,129.25,4.15,26
30,11,8,2025,2,81,222.75,4.16,26
30,11,8,2025,3,77,211.75,4.2,33
30,11,8,2025,4,77,211.75,4.69,27
30,11,8,2025,5,50,137.5,4.52,40
30,11,8,2025,6,108,297.0,4.15,37
20,12,1,2024,1,121,1397.55,3.91,42
20,12,1,2024,2,136,1570.8,4.07,48
20,12,1,2024,3,128,1478.4,4.16,34
20,12,1,2024,4,119,1374.45,3.95,38
20,12,1,2024,5,136,1570.8,3.95,29
20,12,1,2024,6,107,1235.85,3.97,41
20,12,1,2024,7,129,1489.95,4.29,38
20,12,1,2024,8,100,1155.0,4.1,27
20,12,1,2024,9,103,1189.65,4.27,27
20,12,1,2024,10,123,1420.65,4.27,44
20,12,1,2024,11,131,1513.05,4.33,42
20,12,1,2024,12,143,1651.65,4.1,39
20,12,1,2025,1,156,1801.8,4.35,33
20,12,1,2025,2,101,1166.55,4.13,43
20,12,1,2025,3,96,1108.8,4.36,46
20,12,1,2025,4,159,1836.45,4.35,39
20,12,1,2025,5,103,1189.65,4.05,31
20,12,1,2025,6,134,1547.7,4.3,22
21,12,1,2024,1,108,964.44,4.23,44
21,12,1,2024,2,160,1428.8,4.01,33
21,12,1,2024,3,104,928.72,4.38,35
21,12,1,2024,4,161,1437.73,3.86,31
21,12,1,2024,5,153,1366.29,4.36,23
21,12,1,2024,6,153,1366.29,4.06,47
21,12,1,2024,7,116,1035.88,4.09,34
21,12,1,2024,8,110,982.3,3.85,25
21,12,1,2024,9,141,1259.13,3.89,37
21,12,1,2024,10,130,1160.9,4.15,30
21,12,1,2024,11,101,901.93,4.06,31
21,12,1,2024,12,132,1178.76,4.09,30
21,12,1,2025,1,123,1098.39,3.94,25
21,12,1,2025,2,146,1303.78,4.26,38
21,12,1,2025,3,127,1134.11,3.87,42
21,12,1,2025,4,122,1089.46,4.23,25
21,12,1,2025,5,124,1107.32,4.3,48
21,12,1,2025,6,126,1125.18,3.88,46
22,12,1,2024,1,90,709.2,4.13,30
22,12,1,2024,2,111,874.68,4.17,33
22,12,1,2024,3,94,740.72,4.22,48
22,12,1,2024,4,118,929.84,4.03,46
22,12,1,2024,5,128,1008.64,4.38,36
22,12,1,2024,6,128,1008.64,4.1,39
22,12,1,2024,7,116,914.08,4.0,50
22,12,1,2024,8,134,1055.92,3.99,39
22,12,1,2024,9,140,1103.2,3.92,24
22,12,1,2024,10,149,1174.12,4.01,35
22,12,1,2024,11,143,1126.84,4.12,25
22,12,1,2024,12,111,874.68,4.25,32
22,12,1,2025,1,135,1063.8,3.86,45
22,12,1,2025,2,92,724.96,4.22,37
22,12,1,2025,3,144,1134.72,3.82,39
22,12,1,2025,4,156,1229.28,4.18,27
22,12,1,2025,5,110,866.8,3.83,44
22,12,1,2025,6,147,1158.36,4.22,27
23,12,1,2024,1,227,1312.06,4.0,26
23,12,1,2024,2,174,1005.72,4.23,23
23,12,1,2024,3,276,1595.28,4.27,23
23,12,1,2024,4,165,953.7,4.13,34
23,12,1,2024,5,160,924.8,4.18,42
23,12,1,2024,6,256,1479.68,3.88,38
23,12,1,2024,7,263,1520.14,4.03,20
23,12,1,2024,8,183,1057.74,4.39,20
23,12,1,2024,9,178,1028.84,4.29,24
23,12,1,2024,10,176,1017.28,4.15,37
23,12,1,2024,11,188,1086.64,4.36,31
23,12,1,2024,12,156,901.68,4.14,30
23,12,1,2025,1,264,1525.92,3.92,24
23,12,1,2025,2,260,1502.8,4.01,43
23,12,1,2025,3,163,942.14,4.36,45
23,12,1,2025,4,246,1421.88,3.95,34
23,12,1,2025,5,226,1306.28,3.93,40
23,12,1,2025,6,254,1468.12,4.28,22
30,12,1,2024,1,334,875.08,3.9,33
30,12,1,2024,2,339,888.18,4.04,31
30,12,1,2024,3,354,927.48,4.14,33
30,12,1,2024,4,322,843.64,3.85,19
30,12,1,2024,5,331,867.22,4.33,35
30,12,1,2024,6,381,998.22,4.16,31
30,12,1,2024,7,517,1354.54,4.0,42
30,12,1,2024,8,404,1058.48,3.9,24
30,12,1,2024,9,359,940.58,4.0,20
30,12,1,2024,10,215,563.3,4.17,17
30,12,1,2024,11,360,943.2,4.02,41
30,12,1,2024,12,366,958.92,4.1,39
30,12,1,2025,1,382,1000.84,4.29,35
30,12,1,2025,2,281,736.22,3.85,39
30,12,1,2025,3,286,749.32,4.25,36
30,12,1,2025,4,249,652.38,3.94,21
30,12,1,2025,5,295,772.9,4.26,20
30,12,1,2025,6,514,1346.68,3.83,20
20,13,10,2024,1,44,498.52,4.09,38
20,13,10,2024,2,67,759.11,4.34,24
20,13,10,2024,3,71,804.43,4.31,43
20,13,10,2024,4,47,532.51,4.09,32
20,13,10,2024,5,58,657.14,4.26,44
20,13,10,2024,6,75,849.75,4.01,32
20,13,10,2024,7,77,872.41,4.53,30
20,13,10,2024,8,65,736.45,4.51,33
20,13,10,2024,9,73,827.09,4.29,40
20,13,10,2024,10,67,759.11,4.58,25
20,13,10,2024,11,71,804.43,4.14,38
20,13,10,2024,12,63,713.79,4.23,47
20,13,10,2025,1,59,668.47,4.35,23
20,13,10,2025,2,63,713.79,4.09,40
20,13,10,2025,3,67,759.11,4.38,41
20,13,10,2025,4,54,611.82,4.17,39
20,13,10,2025,5,47,532.51,4.29,45
20,13,10,2025,6,62,702.46,4.06,47
21,13,10,2024,1,148,1296.48,4.32,43
21,13,10,2024,2,96,840.96,4.36,29
21,13,10,2024,3,121,1059.96,4.18,23
21,13,10,2024,4,95,832.2,4.57,21
21,13,10,2024,5,126,1103.76,4.38,26
21,13,10,2024,6,148,1296.48,4.32,32
21,13,10,2024,7,119,1042.44,4.57,33
21,13,10,2024,8,149,1305.24,4.46,43
21,13,10,2024,9,145,1270.2,4.25,33
21,13,10,2024,10,123,1077.48,4.28,21
21,13,10,2024,11,133,1165.08,4.08,28
21,13,10,2024,12,116,1016.16,4.01,27
21,13,10,2025,1,145,1270.2,4.22,37
21,13,10,2025,2,111,972.36,4.06,21
21,13,10,2025,3,124,1086.24,4.46,36
21,13,10,2025,4,98,858.48,4.39,22
21,13,10,2025,5,107,937.32,4.28,43
21,13,10,2025,6,112,981.12,4.37,34
22,13,10,2024,1,56,432.88,4.01,43
22,13,10,2024,2,54,417.42,4.12,38
22,13,10,2024,3,56,432.88,4.19,44
22,13,10,2024,4,45,347.85,4.46,36
22,13,10,2024,5,61,471.53,4.49,46
22,13,10,2024,6,64,494.72,4.09,44
22,13,10,2024,7,46,355.58,4.56,26
22,13,10,2024,8,50,386.5,4.4,31
22,13,10,2024,9,76,587.48,4.01,46
22,13,10,2024,10,56,432.88,4.06,23
22,13,10,2024,11,73,564.29,4.31,44
22,13,10,2024,12,65,502.45,4.54,24
22,13,10,2025,1,56,432.88,4.32,50
22,13,10,2025,2,69,533.37,4.39,24
22,13,10,2025,3,63,486.99,4.35,43
22,13,10,2025,4,62,479.26,4.21,25
22,13,10,2025,5,63,486.99,4.42,23
22,13,10,2025,6,49,378.77,4.08,41
23,13,10,2024,1,65,368.55,4.45,44
23,13,10,2024,2,70,396.9,4.51,38
23,13,10,2024,3,50,283.5,4.06,23
23,13,10,2024,4,67,379.89,4.24,47
23,13,10,2024,5,70,396.9,4.49,26
23,13,10,2024,6,70,396.9,4.01,26
23,13,10,2024,7,65,368.55,4.09,27
23,13,10,2024,8,76,430.92,4.2,49
23,13,10,2024,9,45,255.15,4.27,49
23,13,10,2024,10,62,351.54,4.18,39
23,13,10,2024,11,57,323.19,4.09,26
23,13,10,2024,12,74,419.58,4.0,47
23,13,10,2025,1,57,323.19,4.32,28
23,13,10,2025,2,44,249.48,4.5,40
23,13,10,2025,3,42,238.14,4.5,32
23,13,10,2025,4,68,385.56,4.56,37
23,13,10,2025,5,48,272.16,4.19,30
23,13,10,2025,6,59,334.53,4.05,39
30,13,10,2024,1,66,170.28,4.17,38
30,13,10,2024,2,45,116.1,4.25,25
30,13,10,2024,3,48,123.84,4.57,27
30,13,10,2024,4,51,131.58,4.17,38
30,13,10,2024,5,75,193.5,4.02,36
30,13,10,2024,6,60,154.8,4.3,25
30,13,10,2024,7,69,178.02,4.18,28
30,13,10,2024,8,63,162.54,4.44,45
30,13,10,2024,9,56,144.48,4.51,49
30,13,10,2024,10,64,165.12,4.27,24
30,13,10,2024,11,60,154.8,4.0,49
30,13,10,2024,12,42,108.36,4.19,44
30,13,10,2025,1,42,108.36,4.43,48
30,13,10,2025,2,62,159.96,4.11,43
30,13,10,2025,3,43,110.94,4.5,42
30,13,10,2025,4,77,198.66,4.5,41
30,13,10,2025,5,55,141.9,4.42,28
30,13,10,2025,6,71,183.18,4.16,49
20,14,2,2024,1,35,377.3,4.48,33
20,14,2,2024,2,50,539.0,4.41,40
20,14,2,2024,3,40,431.2,4.55,25
20,14,2,2024,4,33,355.74,4.21,41
20,14,2,2024,5,40,431.2,4.7,28
20,14,2,2024,6,54,582.12,4.28,27
20,14,2,2024,7,34,366.52,4.33,26
20,14,2,2024,8,56,603.68,4.64,35
20,14,2,2024,9,56,603.68,4.59,49
20,14,2,2024,10,53,571.34,4.64,48
20,14,2,2024,11,54,582.12,4.44,28
20,14,2,2024,12,55,592.9,4.22,26
20,14,2,2025,1,53,571.34,4.23,22
20,14,2,2025,2,48,517.44,4.4,50
20,14,2,2025,3,33,355.74,4.49,43
20,14,2,2025,4,49,528.22,4.7,46
20,14,2,2025,5,36,388.08,4.24,50
20,14,2,2025,6,52,560.56,4.54,28
21,14,2,2024,1,41,341.53,4.57,31
21,14,2,2024,2,46,383.18,4.78,40
21,14,2,2024,3,46,383.18,4.74,31
21,14,2,2024,4,49,408.17,4.64,27
21,14,2,2024,5,50,416.5,4.42,44
21,14,2,2024,6,46,383.18,4.32,36
21,14,2,2024,7,48,399.84,4.49,23
21,14,2,2024,8,42,349.86,4.69,42
21,14,2,2024,9,52,433.16,4.28,43
21,14,2,2024,10,36,299.88,4.7,43
21,14,2,2024,11,44,366.52,4.61,26
21,14,2,2024,12,46,383.18,4.32,28
21,14,2,2025,1,35,291.55,4.51,28
21,14,2,2025,2,38,316.54,4.58,23
21,14,2,2025,3,34,283.22,4.59,50
21,14,2,2025,4,47,391.51,4.54,28
21,14,2,2025,5,47,391.51,4.42,33
21,14,2,2025,6,49,408.17,4.41,38
22,14,2,2024,1,50,367.5,4.51,22
22,14,2,2024,2,55,404.25,4.52,49
22,14,2,2024,3,32,235.2,4.57,43
22,14,2,2024,4,35,257.25,4.71,40
22,14,2,2024,5,39,286.65,4.77,35
22,14,2,2024,6,38,279.3,4.54,46
22,14,2,2024,7,43,316.05,4.78,29
22,14,2,2024,8,43,316.05,4.75,33
22,14,2,2024,9,54,396.9,4.61,34
22,14,2,2024,10,44,323.4,4.32,49
22,14,2,2024,11,53,389.55,4.33,40
22,14,2,2024,12,42,308.7,4.33,27
22,14,2,2025,1,39,286.65,4.73,40
22,14,2,2025,2,37,271.95,4.59,45
22,14,2,2025,3,36,264.6,4.69,26
22,14,2,2025,4,36,264.6,4.55,26
22,14,2,2025,5,39,286.65,4.73,49
22,14,2,2025,6,53,389.55,4.75,41
23,14,2,2024,1,46,247.94,4.59,50
23,14,2,2024,2,37,199.43,4.54,42
23,14,2,2024,3,41,220.99,4.47,45
23,14,2,2024,4,38,204.82,4.7,46
23,14,2,2024,5,40,215.6,4.66,32
23,14,2,2024,6,48,258.72,4.33,25
23,14,2,2024,7,57,307.23,4.3,25
23,14,2,2024,8,32,172.48,4.75,24
23,14,2,2024,9,32,172.48,4.6,25
23,14,2,2024,10,49,264.11,4.78,41
23,14,2,2024,11,34,183.26,4.59,39
23,14,2,2024,12,41,220.99,4.35,28
23,14,2,2025,1,41,220.99,4.5,45
23,14,2,2025,2,34,183.26,4.24,41
23,14,2,2025,3,32,172.48,4.3,39
23,14,2,2025,4,43,231.77,4.28,25
23,14,2,2025,5,58,312.62,4.31,25
23,14,2,2025,6,58,312.62,4.57,29
30,14,2,2024,1,45,110.25,4.32,44
30,14,2,2024,2,46,112.7,4.47,40
30,14,2,2024,3,49,120.05,4.22,35
30,14,2,2024,4,48,117.6,4.39,46
30,14,2,2024,5,49,120.05,4.62,38
30,14,2,2024,6,72,176.4,4.26,27
30,14,2,2024,7,56,137.2,4.6,35
30,14,2,2024,8,55,134.75,4.64,46
30,14,2,2024,9,46,112.7,4.37,30
30,14,2,2024,10,44,107.8,4.77,36
30,14,2,2024,11,37,90.65,4.52,46
30,14,2,2024,12,42,102.9,4.68,36
30,14,2,2025,1,57,139.65,4.43,41
30,14,2,2025,2,56,137.2,4.21,31
30,14,2,2025,3,41,100.45,4.44,30
30,14,2,2025,4,58,142.1,4.76,28
30,14,2,2025,5,50,122.5,4.65,42
30,14,2,2025,6,45,110.25,4.59,35
24,15,7,2024,1,62,532.58,4.19,27
24,15,7,2024,2,53,455.27,3.93,26
24,15,7,2024,3,46,395.14,4.4,26
24,15,7,2024,4,66,566.94,3.92,23
24,15,7,2024,5,41,352.19,4.2,25
24,15,7,2024,6,53,455.27,4.27,43
24,15,7,2024,7,57,489.63,4.27,23
24,15,7,2024,8,57,489.63,3.92,25
24,15,7,2024,9,71,609.89,4.25,49
24,15,7,2024,10,65,558.35,4.32,28
24,15,7,2024,11,58,498.22,4.17,36
24,15,7,2024,12,46,395.14,4.05,47
24,15,7,2025,1,58,498.22,4.24,37
24,15,7,2025,2,70,601.3,4.31,42
24,15,7,2025,3,63,541.17,4.12,48
24,15,7,2025,4,67,575.53,4.05,31
24,15,7,2025,5,54,463.86,4.43,42
24,15,7,2025,6,47,403.73,4.37,44
25,15,7,2024,1,143,939.51,3.93,34
25,15,7,2024,2,118,775.26,4.19,44
25,15,7,2024,3,136,893.52,4.21,43
25,15,7,2024,4,144,946.08,4.49,17
25,15,7,2024,5,96,630.72,4.09,31
25,15,7,2024,6,98,643.86,4.45,19
25,15,7,2024,7,111,729.27,4.08,27
25,15,7,2024,8,146,959.22,4.07,21
25,15,7,2024,9,125,821.25,4.01,22
25,15,7,2024,10,123,808.11,4.32,40
25,15,7,2024,11,92,604.44,4.31,22
25,15,7,2024,12,106,696.42,4.16,18
25,15,7,2025,1,110,722.7,4.27,27
25,15,7,2025,2,91,597.87,4.35,24
25,15,7,2025,3,148,972.36,3.91,34
25,15,7,2025,4,129,847.53,4.01,28
25,15,7,2025,5,134,880.38,4.02,17
25,15,7,2025,6,153,1005.21,4.37,31
30,15,7,2024,1,40,100.8,4.19,45
30,15,7,2024,2,46,115.92,4.41,42
30,15,7,2024,3,52,131.04,3.96,29
30,15,7,2024,4,47,118.44,4.39,47
30,15,7,2024,5,45,113.4,4.03,38
30,15,7,2024,6,81,204.12,4.11,31
30,15,7,2024,7,68,171.36,4.22,48
30,15,7,2024,8,71,178.92,4.3,28
30,15,7,2024,9,64,161.28,4.32,37
30,15,7,2024,10,43,108.36,4.43,42
30,15,7,2024,11,62,156.24,4.27,50
30,15,7,2024,12,53,133.56,4.43,22
30,15,7,2025,1,52,131.04,4.28,33
30,15,7,2025,2,45,113.4,4.44,30
30,15,7,2025,3,44,110.88,3.91,24
30,15,7,2025,4,64,161.28,4.46,32
30,15,7,2025,5,40,100.8,4.38,47
30,15,7,2025,6,73,183.96,3.91,38
24,16,9,2024,1,62,490.42,3.71,32
24,16,9,2024,2,71,561.61,4.05,50
24,16,9,2024,3,67,529.97,3.82,23
24,16,9,2024,4,40,316.4,4.0,24
24,16,9,2024,5,44,348.04,4.25,27
24,16,9,2024,6,51,403.41,4.21,50
24,16,9,2024,7,54,427.14,3.73,24
24,16,9,2024,8,60,474.6,3.81,29
24,16,9,2024,9,71,561.61,3.77,47
24,16,9,2024,10,64,506.24,3.8,26
24,16,9,2024,11,63,498.33,3.93,50
24,16,9,2024,12,48,379.68,4.14,27
24,16,9,2025,1,55,435.05,3.71,40
24,16,9,2025,2,44,348.04,4.11,46
24,16,9,2025,3,40,316.4,3.9,40
24,16,9,2025,4,47,371.77,3.96,47
24,16,9,2025,5,52,411.32,3.92,41
24,16,9,2025,6,59,466.69,4.16,38
25,16,9,2024,1,51,308.04,4.2,22
25,16,9,2024,2,51,308.04,4.17,32
25,16,9,2024,3,69,416.76,4.11,27
25,16,9,2024,4,71,428.84,3.92,36
25,16,9,2024,5,59,356.36,3.75,32
25,16,9,2024,6,48,289.92,4.17,50
25,16,9,2024,7,51,308.04,4.05,39
25,16,9,2024,8,53,320.12,3.72,42
25,16,9,2024,9,67,404.68,4.11,22
25,16,9,2024,10,40,241.6,4.04,43
25,16,9,2024,11,66,398.64,3.86,45
25,16,9,2024,12,44,265.76,3.89,38
25,16,9,2025,1,50,302.0,3.77,40
25,16,9,2025,2,44,265.76,4.03,28
25,16,9,2025,3,44,265.76,3.89,30
25,16,9,2025,4,63,380.52,3.94,30
25,16,9,2025,5,57,344.28,3.96,49
25,16,9,2025,6,53,320.12,4.3,26
30,16,9,2024,1,114,265.62,4.1,23
30,16,9,2024,2,91,212.03,3.83,26
30,16,9,2024,3,119,277.27,4.04,29
30,16,9,2024,4,75,174.75,3.97,37
30,16,9,2024,5,111,258.63,3.83,36
30,16,9,2024,6,133,309.89,4.29,36
30,16,9,2024,7,86,200.38,4.11,25
30,16,9,2024,8,142,330.86,4.06,38
30,16,9,2024,9,117,272.61,3.93,37
30,16,9,2024,10,79,184.07,4.07,18
30,16,9,2024,11,102,237.66,3.88,37
30,16,9,2024,12,101,235.33,3.9,25
30,16,9,2025,1,72,167.76,3.74,24
30,16,9,2025,2,112,260.96,4.28,31
30,16,9,2025,3,78,181.74,3.72,31
30,16,9,2025,4,111,258.63,4.12,26
30,16,9,2025,5,80,186.4,3.7,21
30,16,9,2025,6,132,307.56,3.99,20
26,17,7,2024,1,53,687.94,4.24,34
26,17,7,2024,2,50,649.0,4.43,40
26,17,7,2024,3,66,856.68,4.48,38
26,17,7,2024,4,55,713.9,4.64,34
26,17,7,2024,5,60,778.8,4.18,50
26,17,7,2024,6,65,843.7,4.36,37
26,17,7,2024,7,58,752.84,4.7,27
26,17,7,2024,8,69,895.62,4.49,41
26,17,7,2024,9,60,778.8,4.37,32
26,17,7,2024,10,41,532.18,4.56,42
26,17,7,2024,11,62,804.76,4.32,40
26,17,7,2024,12,75,973.5,4.43,38
26,17,7,2025,1,65,843.7,4.11,49
26,17,7,2025,2,68,882.64,4.37,28
26,17,7,2025,3,65,843.7,4.24,32
26,17,7,2025,4,53,687.94,4.7,40
26,17,7,2025,5,39,506.22,4.64,33
26,17,7,2025,6,42,545.16,4.53,43
27,17,7,2024,1,100,1357.0,4.51,41
27,17,7,2024,2,102,1384.14,4.24,34
27,17,7,2024,3,111,1506.27,4.22,29
27,17,7,2024,4,92,1248.44,4.49,24
27,17,7,2024,5,136,1845.52,4.37,37
27,17,7,2024,6,103,1397.71,4.56,35
27,17,7,2024,7,91,1234.87,4.65,26
27,17,7,2024,8,141,1913.37,4.61,21
27,17,7,2024,9,107,1451.99,4.49,31
27,17,7,2024,10,107,1451.99,4.48,30
27,17,7,2024,11,140,1899.8,4.4,24
27,17,7,2024,12,131,1777.67,4.38,20
27,17,7,2025,1,112,1519.84,4.64,38
27,17,7,2025,2,149,2021.93,4.43,43
27,17,7,2025,3,132,1791.24,4.68,20
27,17,7,2025,4,86,1167.02,4.1,18
27,17,7,2025,5,143,1940.51,4.66,44
27,17,7,2025,6,127,1723.39,4.41,25
30,17,7,2024,1,143,421.85,4.62,34
30,17,7,2024,2,87,256.65,4.6,27
30,17,7,2024,3,96,283.2,4.17,32
30,17,7,2024,4,115,339.25,4.12,21
30,17,7,2024,5,122,359.9,4.18,31
30,17,7,2024,6,116,342.2,4.12,22
30,17,7,2024,7,127,374.65,4.27,18
30,17,7,2024,8,110,324.5,4.12,18
30,17,7,2024,9,144,424.8,4.6,33
30,17,7,2024,10,86,253.7,4.17,43
30,17,7,2024,11,107,315.65,4.7,34
30,17,7,2024,12,123,362.85,4.19,26
30,17,7,2025,1,93,274.35,4.54,19
30,17,7,2025,2,137,404.15,4.16,33
30,17,7,2025,3,146,430.7,4.3,37
30,17,7,2025,4,152,448.4,4.47,31
30,17,7,2025,5,134,395.3,4.11,22
30,17,7,2025,6,188,554.6,4.26,25
26,18,4,2024,1,53,629.64,4.32,25
26,18,4,2024,2,48,570.24,3.98,25
26,18,4,2024,3,47,558.36,4.36,29
26,18,4,2024,4,46,546.48,4.35,46
26,18,4,2024,5,53,629.64,3.9,49
26,18,4,2024,6,41,487.08,3.93,37
26,18,4,2024,7,50,594.0,4.38,23
26,18,4,2024,8,42,498.96,4.05,42
26,18,4,2024,9,40,475.2,4.09,36
26,18,4,2024,10,46,546.48,4.38,31
26,18,4,2024,11,39,463.32,4.23,34
26,18,4,2024,12,40,475.2,4.01,33
26,18,4,2025,1,71,843.48,3.92,28
26,18,4,2025,2,55,653.4,4.36,25
26,18,4,2025,3,48,570.24,4.06,41
26,18,4,2025,4,42,498.96,4.06,34
26,18,4,2025,5,57,677.16,4.4,33
26,18,4,2025,6,43,510.84,4.26,33
27,18,4,2024,1,46,571.32,3.81,25
27,18,4,2024,2,58,720.36,4.27,27
27,18,4,2024,3,59,732.78,4.16,39
27,18,4,2024,4,57,707.94,4.18,24
27,18,4,2024,5,48,596.16,4.31,46
27,18,4,2024,6,39,484.38,3.83,37
27,18,4,2024,7,57,707.94,4.09,39
27,18,4,2024,8,49,608.58,3.85,41
27,18,4,2024,9,57,707.94,4.0,34
27,18,4,2024,10,34,422.28,3.96,44
27,18,4,2024,11,59,732.78,4.02,47
27,18,4,2024,12,41,509.22,4.08,35
27,18,4,2025,1,43,534.06,4.01,42
27,18,4,2025,2,60,745.2,3.92,29
27,18,4,2025,3,49,608.58,3.92,37
27,18,4,2025,4,53,658.26,4.17,35
27,18,4,2025,5,41,509.22,3.84,40
27,18,4,2025,6,62,770.04,4.33,22
30,18,4,2024,1,45,121.5,4.22,26
30,18,4,2024,2,53,143.1,4.0,29
30,18,4,2024,3,54,145.8,4.33,25
30,18,4,2024,4,61,164.7,4.39,42
30,18,4,2024,5,36,97.2,4.3,35
30,18,4,2024,6,71,191.7,4.32,26
30,18,4,2024,7,78,210.6,3.89,35
30,18,4,2024,8,78,210.6,4.36,40
30,18,4,2024,9,53,143.1,4.09,30
30,18,4,2024,10,40,108.0,4.01,33
30,18,4,2024,11,42,113.4,3.87,40
30,18,4,2024,12,55,148.5,4.34,38
30,18,4,2025,1,49,132.3,3.86,47
30,18,4,2025,2,61,164.7,4.27,28
30,18,4,2025,3,58,156.6,4.36,41
30,18,4,2025,4,50,135.0,4.22,36
30,18,4,2025,5,49,132.3,4.01,26
30,18,4,2025,6,62,167.4,4.07,43
28,19,9,2024,1,82,694.54,4.6,48
28,19,9,2024,2,76,643.72,4.52,40
28,19,9,2024,3,85,719.95,4.51,42
28,19,9,2024,4,112,948.64,4.69,30
28,19,9,2024,5,62,525.14,4.54,48
28,19,9,2024,6,81,686.07,4.16,38
28,19,9,2024,7,92,779.24,4.42,30
28,19,9,2024,8,63,533.61,4.16,26
28,19,9,2024,9,112,948.64,4.46,40
28,19,9,2024,10,82,694.54,4.23,44
28,19,9,2024,11,78,660.66,4.32,48
28,19,9,2024,12,103,872.41,4.62,23
28,19,9,2025,1,103,872.41,4.48,25
28,19,9,2025,2,87,736.89,4.18,36
28,19,9,2025,3,63,533.61,4.51,36
28,19,9,2025,4,83,703.01,4.25,22
28,19,9,2025,5,74,626.78,4.58,36
28,19,9,2025,6,109,923.23,4.31,31
29,19,9,2024,1,61,848.51,4.63,23
29,19,9,2024,2,99,1377.09,4.64,22
29,19,9,2024,3,99,1377.09,4.18,46
29,19,9,2024,4,90,1251.9,4.11,35
29,19,9,2024,5,67,931.97,4.53,44
29,19,9,2024,6,94,1307.54,4.47,22
29,19,9,2024,7,66,918.06,4.53,26
29,19,9,2024,8,72,1001.52,4.19,46
29,19,9,2024,9,113,1571.83,4.51,24
29,19,9,2024,10,79,1098.89,4.53,37
29,19,9,2024,11,72,1001.52,4.31,28
29,19,9,2024,12,101,1404.91,4.28,37
29,19,9,2025,1,85,1182.35,4.47,45
29,19,9,2025,2,66,918.06,4.37,32
29,19,9,2025,3,108,1502.28,4.25,38
29,19,9,2025,4,74,1029.34,4.39,36
29,19,9,2025,5,88,1224.08,4.27,26
29,19,9,2025,6,66,918.06,4.32,42
30,19,9,2024,1,148,446.96,4.66,37
30,19,9,2024,2,176,531.52,4.16,39
30,19,9,2024,3,168,507.36,4.53,23
30,19,9,2024,4,127,383.54,4.64,18
30,19,9,2024,5,139,419.78,4.59,22
30,19,9,2024,6,186,561.72,4.31,18
30,19,9,2024,7,139,419.78,4.37,21
30,19,9,2024,8,216,652.32,4.22,23
30,19,9,2024,9,170,513.4,4.16,36
30,19,9,2024,10,160,483.2,4.28,18
30,19,9,2024,11,174,525.48,4.46,44
30,19,9,2024,12,129,389.58,4.5,19
30,19,9,2025,1,171,516.42,4.15,21
30,19,9,2025,2,150,453.0,4.36,44
30,19,9,2025,3,158,477.16,4.28,31
30,19,9,2025,4,139,419.78,4.28,42
30,19,9,2025,5,126,380.52,4.23,19
30,19,9,2025,6,241,727.82,4.35,30
28,20,10,2024,1,191,1430.59,3.93,38
28,20,10,2024,2,167,1250.83,3.96,17
28,20,10,2024,3,259,1939.91,4.01,36
28,20,10,2024,4,260,1947.4,4.14,42
28,20,10,2024,5,181,1355.69,4.1,21
28,20,10,2024,6,179,1340.71,4.21,25
28,20,10,2024,7,225,1685.25,3.91,29
28,20,10,2024,8,204,1527.96,4.04,34
28,20,10,2024,9,221,1655.29,3.95,31
28,20,10,2024,10,280,2097.2,3.93,35
28,20,10,2024,11,181,1355.69,4.1,35
28,20,10,2024,12,231,1730.19,4.26,18
28,20,10,2025,1,184,1378.16,4.19,18
28,20,10,2025,2,272,2037.28,4.07,44
28,20,10,2025,3,181,1355.69,4.12,33
28,20,10,2025,4,195,1460.55,4.15,44
28,20,10,2025,5,191,1430.59,4.37,43
28,20,10,2025,6,249,1865.01,4.08,28
29,20,10,2024,1,235,2892.85,4.16,40
29,20,10,2024,2,270,3323.7,4.14,34
29,20,10,2024,3,410,5047.1,4.18,30
29,20,10,2024,4,397,4887.07,4.2,42
29,20,10,2024,5,351,4320.81,4.12,24
29,20,10,2024,6,239,2942.09,4.23,30
29,20,10,2024,7,386,4751.66,4.37,24
29,20,10,2024,8,323,3976.13,4.15,18
29,20,10,2024,9,404,4973.24,4.27,27
29,20,10,2024,10,333,4099.23,4.21,29
29,20,10,2024,11,280,3446.8,4.01,30
29,20,10,2024,12,316,3889.96,4.25,29
29,20,10,2025,1,362,4456.22,4.23,30
29,20,10,2025,2,414,5096.34,4.04,41
29,20,10,2025,3,232,2855.92,4.45,26
29,20,10,2025,4,344,4234.64,4.21,24
29,20,10,2025,5,260,3200.6,4.11,33
29,20,10,2025,6,290,3569.9,4.35,35
30,20,10,2024,1,147,393.96,4.25,37
30,20,10,2024,2,167,447.56,4.14,45
30,20,10,2024,3,154,412.72,4.09,27
30,20,10,2024,4,141,377.88,4.34,23
30,20,10,2024,5,161,431.48,4.46,42
30,20,10,2024,6,133,356.44,4.36,22
30,20,10,2024,7,186,498.48,4.06,22
30,20,10,2024,8,174,466.32,4.06,38
30,20,10,2024,9,118,316.24,4.39,22
30,20,10,2024,10,118,316.24,3.99,50
30,20,10,2024,11,145,388.6,3.92,34
30,20,10,2024,12,125,335.0,4.31,35
30,20,10,2025,1,146,391.28,3.99,50
30,20,10,2025,2,127,340.36,4.47,42
30,20,10,2025,3,130,348.4,4.14,40
30,20,10,2025,4,142,380.56,4.02,22
30,20,10,2025,5,165,442.2,4.02,38
30,20,10,2025,6,132,353.76,3.92,41
